GSR_mean,GSR_std,GSR_var,GSR_max,GSR_min,GSR_peak_count,GSR_motion_energy,Acc_X_mean,Acc_X_std,Acc_X_var,Acc_X_max,Acc_X_min,Acc_X_peak_count,Acc_X_motion_energy,Acc_Y_mean,Acc_Y_std,Acc_Y_var,Acc_Y_max,Acc_Y_min,Acc_Y_peak_count,Acc_Y_motion_energy,Acc_Z_mean,Acc_Z_std,Acc_Z_var,Acc_Z_max,Acc_Z_min,Acc_Z_peak_count,Acc_Z_motion_energy,Acc_SVM_mean,Acc_SVM_std,Acc_SVM_var,Acc_SVM_max,Acc_SVM_min,Acc_SVM_peak_count,Acc_SVM_motion_energy,Temperature_mean,Temperature_std,Temperature_var,Temperature_max,Temperature_min,Temperature_peak_count,Temperature_motion_energy,predicted_label,predicted_label_name,prob_0,prob_1
0.0,0.0,0.0,0.0,0.0,0.0,0.0,0.0,0.0,0.0,0.0,0.0,0.0,0.0,0.0,0.0,0.0,0.0,0.0,0.0,0.0,0.0,0.0,0.0,0.0,0.0,0.0,0.0,0.0,0.0,0.0,0.0,0.0,0.0,0.0,0.0,0.0,0.0,0.0,0.0,0.0,0.0,0,Not Engaged,0.8708142830786771,0.12918571692132333
1.2917994739861405,0.1455156395023868,-0.2482251054503567,0.4213427055313945,1.3188049382326932,0.1406897745096188,-0.0824327254844853,-0.1738181426667279,0.5933482816140875,2.371432011920534,-1.8927663516378668,0.292934533628694,-0.992932033956188,-1.0915203197585326,0.6916881820986327,0.9361093144905172,-3.0774732497320163,-0.5028105783820314,0.029291844351674,-0.7645501705244909,0.7369426717434706,-0.8354487159347809,0.0322499671144738,-0.564623778345251,-0.6332090048785576,1.3708958596375698,-0.4066291737365629,0.7678874806386549,0.2422769075957596,-0.2896885619827732,-0.0190486283503357,2.5847541042607447,-1.0280216789351515,1.3226267911540066,-0.505842805452886,-2.5886328449577465,1.06346018186129,1.9972880063614673,-0.6276452659303178,0.6706759374018469,-0.5772795529588233,0.9385573876176404,0,Not Engaged,0.8740508396635132,0.12594916033648723
